season_id	league_id	home_team_id	home_team_name	home_team_url	away_team_id	away_team_name	away_team_url	result	home_goals	away_goals	league_name	game_date	match_url	match_id
2016	21	cagliari	Cagliari	http://www.squawka.com/teams/cagliari/stats	juventus	Juventus	http://www.squawka.com/teams/juventus/stats	0 - 2	0	2	Serie A	12th February 2017	http://serie-a.squawka.com/italian-serie-a/12-02-2017/cagliari-vs-juventus/matches	31388
2016	21	crotone	Crotone	http://www.squawka.com/teams/crotone/stats	roma	Roma	http://www.squawka.com/teams/roma/stats	0 - 2	0	2	Serie A	12th February 2017	http://serie-a.squawka.com/italian-serie-a/12-02-2017/crotone-vs-roma/matches	31389
2016	21	fiorentina	Fiorentina	http://www.squawka.com/teams/fiorentina/stats	udinese	Udinese	http://www.squawka.com/teams/udinese/stats	3 - 0	3	0	Serie A	12th February 2017	http://serie-a.squawka.com/italian-serie-a/12-02-2017/fiorentina-vs-udinese/matches	31390
2016	21	internazionale	Inter	http://www.squawka.com/teams/internazionale/stats	empoli	Empoli	http://www.squawka.com/teams/empoli/stats	2 - 0	2	0	Serie A	12th February 2017	http://serie-a.squawka.com/italian-serie-a/12-02-2017/inter-vs-empoli/matches	31391
2016	21	lazio	Lazio	http://www.squawka.com/teams/lazio/stats	milan	Milan	http://www.squawka.com/teams/milan/stats	0 - 0	0	0	Serie A	12th February 2017	http://serie-a.squawka.com/italian-serie-a/12-02-2017/lazio-vs-milan/matches	31392
2016	21	napoli	Napoli	http://www.squawka.com/teams/napoli/stats	genoa	Genoa	http://www.squawka.com/teams/genoa/stats	2 - 0	2	0	Serie A	12th February 2017	http://serie-a.squawka.com/italian-serie-a/12-02-2017/napoli-vs-genoa/matches	31393
2016	21	palermo	Palermo	http://www.squawka.com/teams/palermo/stats	atalanta	Atalanta	http://www.squawka.com/teams/atalanta/stats	1 - 3	1	3	Serie A	12th February 2017	http://serie-a.squawka.com/italian-serie-a/12-02-2017/palermo-vs-atalanta/matches	31394
2016	21	sampdoria	Sampdoria	http://www.squawka.com/teams/sampdoria/stats	bologna	Bologna	http://www.squawka.com/teams/bologna/stats	3 - 1	3	1	Serie A	12th February 2017	http://serie-a.squawka.com/italian-serie-a/12-02-2017/sampdoria-vs-bologna/matches	31395
2016	21	sassuolo	Sassuolo	http://www.squawka.com/teams/sassuolo/stats	chievo	Chievo	http://www.squawka.com/teams/chievo/stats	1 - 3	1	3	Serie A	12th February 2017	http://serie-a.squawka.com/italian-serie-a/12-02-2017/sassuolo-vs-chievo/matches	31396
2016	21	torino	Torino	http://www.squawka.com/teams/torino/stats	pescara	Pescara	http://www.squawka.com/teams/pescara/stats	5 - 3	5	3	Serie A	12th February 2017	http://serie-a.squawka.com/italian-serie-a/12-02-2017/torino-vs-pescara/matches	31397
2016	21	atalanta	Atalanta	http://www.squawka.com/teams/atalanta/stats	cagliari	Cagliari	http://www.squawka.com/teams/cagliari/stats	0 - 0	0	0	Serie A	5th February 2017	http://serie-a.squawka.com/italian-serie-a/05-02-2017/atalanta-vs-cagliari/matches	31378
2016	21	bologna	Bologna	http://www.squawka.com/teams/bologna/stats	napoli	Napoli	http://www.squawka.com/teams/napoli/stats	1 - 7	1	7	Serie A	5th February 2017	http://serie-a.squawka.com/italian-serie-a/05-02-2017/bologna-vs-napoli/matches	31379
2016	21	chievo	Chievo	http://www.squawka.com/teams/chievo/stats	udinese	Udinese	http://www.squawka.com/teams/udinese/stats	0 - 0	0	0	Serie A	5th February 2017	http://serie-a.squawka.com/italian-serie-a/05-02-2017/chievo-vs-udinese/matches	31380
2016	21	empoli	Empoli	http://www.squawka.com/teams/empoli/stats	torino	Torino	http://www.squawka.com/teams/torino/stats	1 - 1	1	1	Serie A	5th February 2017	http://serie-a.squawka.com/italian-serie-a/05-02-2017/empoli-vs-torino/matches	31381
2016	21	genoa	Genoa	http://www.squawka.com/teams/genoa/stats	sassuolo	Sassuolo	http://www.squawka.com/teams/sassuolo/stats	0 - 1	0	1	Serie A	5th February 2017	http://serie-a.squawka.com/italian-serie-a/05-02-2017/genoa-vs-sassuolo/matches	31382
2016	21	juventus	Juventus	http://www.squawka.com/teams/juventus/stats	internazionale	Inter	http://www.squawka.com/teams/internazionale/stats	0 - 0	0	0	Serie A	5th February 2017	http://serie-a.squawka.com/italian-serie-a/05-02-2017/juventus-vs-inter/matches	31383
2016	21	milan	Milan	http://www.squawka.com/teams/milan/stats	sampdoria	Sampdoria	http://www.squawka.com/teams/sampdoria/stats	0 - 1	0	1	Serie A	5th February 2017	http://serie-a.squawka.com/italian-serie-a/05-02-2017/milan-vs-sampdoria/matches	31384
2016	21	palermo	Palermo	http://www.squawka.com/teams/palermo/stats	crotone	Crotone	http://www.squawka.com/teams/crotone/stats	1 - 0	1	0	Serie A	5th February 2017	http://serie-a.squawka.com/italian-serie-a/05-02-2017/palermo-vs-crotone/matches	31385
2016	21	pescara	Pescara	http://www.squawka.com/teams/pescara/stats	lazio	Lazio	http://www.squawka.com/teams/lazio/stats	2 - 6	2	6	Serie A	5th February 2017	http://serie-a.squawka.com/italian-serie-a/05-02-2017/pescara-vs-lazio/matches	31386
2016	21	roma	Roma	http://www.squawka.com/teams/roma/stats	fiorentina	Fiorentina	http://www.squawka.com/teams/fiorentina/stats	4 - 0	4	0	Serie A	5th February 2017	http://serie-a.squawka.com/italian-serie-a/05-02-2017/roma-vs-fiorentina/matches	31387
2016	21	cagliari	Cagliari	http://www.squawka.com/teams/cagliari/stats	bologna	Bologna	http://www.squawka.com/teams/bologna/stats	1 - 1	1	1	Serie A	29th January 2017	http://serie-a.squawka.com/italian-serie-a/29-01-2017/cagliari-vs-bologna/matches	31368
2016	21	crotone	Crotone	http://www.squawka.com/teams/crotone/stats	empoli	Empoli	http://www.squawka.com/teams/empoli/stats	4 - 1	4	1	Serie A	29th January 2017	http://serie-a.squawka.com/italian-serie-a/29-01-2017/crotone-vs-empoli/matches	31369
2016	21	fiorentina	Fiorentina	http://www.squawka.com/teams/fiorentina/stats	genoa	Genoa	http://www.squawka.com/teams/genoa/stats	0 - 0	0	0	Serie A	29th January 2017	http://serie-a.squawka.com/italian-serie-a/29-01-2017/fiorentina-vs-genoa/matches	31370
2016	21	internazionale	Inter	http://www.squawka.com/teams/internazionale/stats	pescara	Pescara	http://www.squawka.com/teams/pescara/stats	3 - 0	3	0	Serie A	29th January 2017	http://serie-a.squawka.com/italian-serie-a/29-01-2017/inter-vs-pescara/matches	31371
2016	21	lazio	Lazio	http://www.squawka.com/teams/lazio/stats	chievo	Chievo	http://www.squawka.com/teams/chievo/stats	0 - 1	0	1	Serie A	29th January 2017	http://serie-a.squawka.com/italian-serie-a/29-01-2017/lazio-vs-chievo/matches	31372
2016	21	napoli	Napoli	http://www.squawka.com/teams/napoli/stats	palermo	Palermo	http://www.squawka.com/teams/palermo/stats	1 - 1	1	1	Serie A	29th January 2017	http://serie-a.squawka.com/italian-serie-a/29-01-2017/napoli-vs-palermo/matches	31373
2016	21	sampdoria	Sampdoria	http://www.squawka.com/teams/sampdoria/stats	roma	Roma	http://www.squawka.com/teams/roma/stats	3 - 2	3	2	Serie A	29th January 2017	http://serie-a.squawka.com/italian-serie-a/29-01-2017/sampdoria-vs-roma/matches	31374
2016	21	sassuolo	Sassuolo	http://www.squawka.com/teams/sassuolo/stats	juventus	Juventus	http://www.squawka.com/teams/juventus/stats	0 - 2	0	2	Serie A	29th January 2017	http://serie-a.squawka.com/italian-serie-a/29-01-2017/sassuolo-vs-juventus/matches	31375
2016	21	torino	Torino	http://www.squawka.com/teams/torino/stats	atalanta	Atalanta	http://www.squawka.com/teams/atalanta/stats	1 - 1	1	1	Serie A	29th January 2017	http://serie-a.squawka.com/italian-serie-a/29-01-2017/torino-vs-atalanta/matches	31376
2016	21	udinese	Udinese	http://www.squawka.com/teams/udinese/stats	milan	Milan	http://www.squawka.com/teams/milan/stats	2 - 1	2	1	Serie A	29th January 2017	http://serie-a.squawka.com/italian-serie-a/29-01-2017/udinese-vs-milan/matches	31377
2016	21	atalanta	Atalanta	http://www.squawka.com/teams/atalanta/stats	sampdoria	Sampdoria	http://www.squawka.com/teams/sampdoria/stats	1 - 0	1	0	Serie A	22nd January 2017	http://serie-a.squawka.com/italian-serie-a/22-01-2017/atalanta-vs-sampdoria/matches	31358
2016	21	bologna	Bologna	http://www.squawka.com/teams/bologna/stats	torino	Torino	http://www.squawka.com/teams/torino/stats	2 - 0	2	0	Serie A	22nd January 2017	http://serie-a.squawka.com/italian-serie-a/22-01-2017/bologna-vs-torino/matches	31359
2016	21	empoli	Empoli	http://www.squawka.com/teams/empoli/stats	udinese	Udinese	http://www.squawka.com/teams/udinese/stats	1 - 0	1	0	Serie A	22nd January 2017	http://serie-a.squawka.com/italian-serie-a/22-01-2017/empoli-vs-udinese/matches	31361
2016	21	genoa	Genoa	http://www.squawka.com/teams/genoa/stats	crotone	Crotone	http://www.squawka.com/teams/crotone/stats	2 - 2	2	2	Serie A	22nd January 2017	http://serie-a.squawka.com/italian-serie-a/22-01-2017/genoa-vs-crotone/matches	31362
2016	21	juventus	Juventus	http://www.squawka.com/teams/juventus/stats	lazio	Lazio	http://www.squawka.com/teams/lazio/stats	2 - 0	2	0	Serie A	22nd January 2017	http://serie-a.squawka.com/italian-serie-a/22-01-2017/juventus-vs-lazio/matches	31363
2016	21	palermo	Palermo	http://www.squawka.com/teams/palermo/stats	internazionale	Inter	http://www.squawka.com/teams/internazionale/stats	0 - 1	0	1	Serie A	22nd January 2017	http://serie-a.squawka.com/italian-serie-a/22-01-2017/palermo-vs-inter/matches	31365
2016	21	pescara	Pescara	http://www.squawka.com/teams/pescara/stats	sassuolo	Sassuolo	http://www.squawka.com/teams/sassuolo/stats	1 - 3	1	3	Serie A	22nd January 2017	http://serie-a.squawka.com/italian-serie-a/22-01-2017/pescara-vs-sassuolo/matches	31366
2016	21	roma	Roma	http://www.squawka.com/teams/roma/stats	cagliari	Cagliari	http://www.squawka.com/teams/cagliari/stats	1 - 0	1	0	Serie A	22nd January 2017	http://serie-a.squawka.com/italian-serie-a/22-01-2017/roma-vs-cagliari/matches	31367
2016	21	milan	Milan	http://www.squawka.com/teams/milan/stats	napoli	Napoli	http://www.squawka.com/teams/napoli/stats	1 - 2	1	2	Serie A	21st January 2017	http://serie-a.squawka.com/italian-serie-a/22-01-2017/milan-vs-napoli/matches	31364
2016	21	chievo	Chievo	http://www.squawka.com/teams/chievo/stats	fiorentina	Fiorentina	http://www.squawka.com/teams/fiorentina/stats	0 - 3	0	3	Serie A	21st January 2017	http://serie-a.squawka.com/italian-serie-a/22-01-2017/chievo-vs-fiorentina/matches	31360
2016	21	cagliari	Cagliari	http://www.squawka.com/teams/cagliari/stats	genoa	Genoa	http://www.squawka.com/teams/genoa/stats	4 - 1	4	1	Serie A	15th January 2017	http://serie-a.squawka.com/italian-serie-a/15-01-2017/cagliari-vs-genoa/matches	31348
2016	21	crotone	Crotone	http://www.squawka.com/teams/crotone/stats	bologna	Bologna	http://www.squawka.com/teams/bologna/stats	0 - 1	0	1	Serie A	15th January 2017	http://serie-a.squawka.com/italian-serie-a/15-01-2017/crotone-vs-bologna/matches	31349
2016	21	fiorentina	Fiorentina	http://www.squawka.com/teams/fiorentina/stats	juventus	Juventus	http://www.squawka.com/teams/juventus/stats	2 - 1	2	1	Serie A	15th January 2017	http://serie-a.squawka.com/italian-serie-a/15-01-2017/fiorentina-vs-juventus/matches	31350
2016	21	internazionale	Inter	http://www.squawka.com/teams/internazionale/stats	chievo	Chievo	http://www.squawka.com/teams/chievo/stats	3 - 1	3	1	Serie A	15th January 2017	http://serie-a.squawka.com/italian-serie-a/15-01-2017/inter-vs-chievo/matches	31351
2016	21	lazio	Lazio	http://www.squawka.com/teams/lazio/stats	atalanta	Atalanta	http://www.squawka.com/teams/atalanta/stats	2 - 1	2	1	Serie A	15th January 2017	http://serie-a.squawka.com/italian-serie-a/15-01-2017/lazio-vs-atalanta/matches	31352
2016	21	napoli	Napoli	http://www.squawka.com/teams/napoli/stats	pescara	Pescara	http://www.squawka.com/teams/pescara/stats	3 - 1	3	1	Serie A	15th January 2017	http://serie-a.squawka.com/italian-serie-a/15-01-2017/napoli-vs-pescara/matches	31353
2016	21	sampdoria	Sampdoria	http://www.squawka.com/teams/sampdoria/stats	empoli	Empoli	http://www.squawka.com/teams/empoli/stats	0 - 0	0	0	Serie A	15th January 2017	http://serie-a.squawka.com/italian-serie-a/15-01-2017/sampdoria-vs-empoli/matches	31354
2016	21	sassuolo	Sassuolo	http://www.squawka.com/teams/sassuolo/stats	palermo	Palermo	http://www.squawka.com/teams/palermo/stats	4 - 1	4	1	Serie A	15th January 2017	http://serie-a.squawka.com/italian-serie-a/15-01-2017/sassuolo-vs-palermo/matches	31355
2016	21	torino	Torino	http://www.squawka.com/teams/torino/stats	milan	Milan	http://www.squawka.com/teams/milan/stats	0 - 0	0	0	Serie A	15th January 2017	http://serie-a.squawka.com/italian-serie-a/15-01-2017/torino-vs-milan/matches	31356
2016	21	udinese	Udinese	http://www.squawka.com/teams/udinese/stats	roma	Roma	http://www.squawka.com/teams/roma/stats	0 - 1	0	1	Serie A	15th January 2017	http://serie-a.squawka.com/italian-serie-a/15-01-2017/udinese-vs-roma/matches	31357
2016	21	chievo	Chievo	http://www.squawka.com/teams/chievo/stats	atalanta	Atalanta	http://www.squawka.com/teams/atalanta/stats	1 - 4	1	4	Serie A	8th January 2017	http://serie-a.squawka.com/italian-serie-a/08-01-2017/chievo-vs-atalanta/matches	31338
2016	21	empoli	Empoli	http://www.squawka.com/teams/empoli/stats	palermo	Palermo	http://www.squawka.com/teams/palermo/stats	1 - 0	1	0	Serie A	8th January 2017	http://serie-a.squawka.com/italian-serie-a/08-01-2017/empoli-vs-palermo/matches	31339
2016	21	genoa	Genoa	http://www.squawka.com/teams/genoa/stats	roma	Roma	http://www.squawka.com/teams/roma/stats	0 - 1	0	1	Serie A	8th January 2017	http://serie-a.squawka.com/italian-serie-a/08-01-2017/genoa-vs-roma/matches	31340
2016	21	juventus	Juventus	http://www.squawka.com/teams/juventus/stats	bologna	Bologna	http://www.squawka.com/teams/bologna/stats	3 - 0	3	0	Serie A	8th January 2017	http://serie-a.squawka.com/italian-serie-a/08-01-2017/juventus-vs-bologna/matches	31341
2016	21	lazio	Lazio	http://www.squawka.com/teams/lazio/stats	crotone	Crotone	http://www.squawka.com/teams/crotone/stats	1 - 0	1	0	Serie A	8th January 2017	http://serie-a.squawka.com/italian-serie-a/08-01-2017/lazio-vs-crotone/matches	31342
2016	21	milan	Milan	http://www.squawka.com/teams/milan/stats	cagliari	Cagliari	http://www.squawka.com/teams/cagliari/stats	1 - 0	1	0	Serie A	8th January 2017	http://serie-a.squawka.com/italian-serie-a/08-01-2017/milan-vs-cagliari/matches	31343
2016	21	napoli	Napoli	http://www.squawka.com/teams/napoli/stats	sampdoria	Sampdoria	http://www.squawka.com/teams/sampdoria/stats	2 - 1	2	1	Serie A	8th January 2017	http://serie-a.squawka.com/italian-serie-a/08-01-2017/napoli-vs-sampdoria/matches	31344
2016	21	pescara	Pescara	http://www.squawka.com/teams/pescara/stats	fiorentina	Fiorentina	http://www.squawka.com/teams/fiorentina/stats	0 - 0	0	0	Serie A	8th January 2017	http://serie-a.squawka.com/italian-serie-a/08-01-2017/pescara-vs-fiorentina/matches	31345
2016	21	sassuolo	Sassuolo	http://www.squawka.com/teams/sassuolo/stats	torino	Torino	http://www.squawka.com/teams/torino/stats	0 - 0	0	0	Serie A	8th January 2017	http://serie-a.squawka.com/italian-serie-a/08-01-2017/sassuolo-vs-torino/matches	31346
2016	21	udinese	Udinese	http://www.squawka.com/teams/udinese/stats	internazionale	Inter	http://www.squawka.com/teams/internazionale/stats	1 - 2	1	2	Serie A	8th January 2017	http://serie-a.squawka.com/italian-serie-a/08-01-2017/udinese-vs-inter/matches	31347
2016	21	bologna	Bologna	http://www.squawka.com/teams/bologna/stats	milan	Milan	http://www.squawka.com/teams/milan/stats	0 - 0	0	0	Serie A	22nd December 2016	http://serie-a.squawka.com/italian-serie-a/22-12-2016/bologna-vs-milan/matches	31329
2016	21	cagliari	Cagliari	http://www.squawka.com/teams/cagliari/stats	sassuolo	Sassuolo	http://www.squawka.com/teams/sassuolo/stats	4 - 3	4	3	Serie A	22nd December 2016	http://serie-a.squawka.com/italian-serie-a/22-12-2016/cagliari-vs-sassuolo/matches	31330
2016	21	crotone	Crotone	http://www.squawka.com/teams/crotone/stats	juventus	Juventus	http://www.squawka.com/teams/juventus/stats	0 - 0	0	0	Serie A	22nd December 2016	http://serie-a.squawka.com/italian-serie-a/22-12-2016/crotone-vs-juventus/matches	31331
2016	21	fiorentina	Fiorentina	http://www.squawka.com/teams/fiorentina/stats	napoli	Napoli	http://www.squawka.com/teams/napoli/stats	3 - 3	3	3	Serie A	22nd December 2016	http://serie-a.squawka.com/italian-serie-a/22-12-2016/fiorentina-vs-napoli/matches	31332
2016	21	palermo	Palermo	http://www.squawka.com/teams/palermo/stats	pescara	Pescara	http://www.squawka.com/teams/pescara/stats	1 - 1	1	1	Serie A	22nd December 2016	http://serie-a.squawka.com/italian-serie-a/22-12-2016/palermo-vs-pescara/matches	31334
2016	21	roma	Roma	http://www.squawka.com/teams/roma/stats	chievo	Chievo	http://www.squawka.com/teams/chievo/stats	3 - 1	3	1	Serie A	22nd December 2016	http://serie-a.squawka.com/italian-serie-a/22-12-2016/roma-vs-chievo/matches	31335
2016	21	sampdoria	Sampdoria	http://www.squawka.com/teams/sampdoria/stats	udinese	Udinese	http://www.squawka.com/teams/udinese/stats	0 - 0	0	0	Serie A	22nd December 2016	http://serie-a.squawka.com/italian-serie-a/22-12-2016/sampdoria-vs-udinese/matches	31336
2016	21	torino	Torino	http://www.squawka.com/teams/torino/stats	genoa	Genoa	http://www.squawka.com/teams/genoa/stats	1 - 0	1	0	Serie A	22nd December 2016	http://serie-a.squawka.com/italian-serie-a/22-12-2016/torino-vs-genoa/matches	31337
2016	21	internazionale	Inter	http://www.squawka.com/teams/internazionale/stats	lazio	Lazio	http://www.squawka.com/teams/lazio/stats	3 - 0	3	0	Serie A	21st December 2016	http://serie-a.squawka.com/italian-serie-a/21-12-2016/inter-vs-lazio/matches	31333
2016	21	atalanta	Atalanta	http://www.squawka.com/teams/atalanta/stats	empoli	Empoli	http://www.squawka.com/teams/empoli/stats	2 - 1	2	1	Serie A	20th December 2016	http://serie-a.squawka.com/italian-serie-a/20-12-2016/atalanta-vs-empoli/matches	31328
2016	21	napoli	Napoli	http://www.squawka.com/teams/napoli/stats	torino	Torino	http://www.squawka.com/teams/torino/stats	5 - 3	5	3	Serie A	18th December 2016	http://serie-a.squawka.com/italian-serie-a/18-12-2016/napoli-vs-torino/matches	31324
2016	21	chievo	Chievo	http://www.squawka.com/teams/chievo/stats	sampdoria	Sampdoria	http://www.squawka.com/teams/sampdoria/stats	2 - 1	2	1	Serie A	18th December 2016	http://serie-a.squawka.com/italian-serie-a/18-12-2016/chievo-vs-sampdoria/matches	31318
2016	21	genoa	Genoa	http://www.squawka.com/teams/genoa/stats	palermo	Palermo	http://www.squawka.com/teams/palermo/stats	3 - 4	3	4	Serie A	18th December 2016	http://serie-a.squawka.com/italian-serie-a/18-12-2016/genoa-vs-palermo/matches	31320
2016	21	lazio	Lazio	http://www.squawka.com/teams/lazio/stats	fiorentina	Fiorentina	http://www.squawka.com/teams/fiorentina/stats	3 - 1	3	1	Serie A	18th December 2016	http://serie-a.squawka.com/italian-serie-a/18-12-2016/lazio-vs-fiorentina/matches	31322
2016	21	pescara	Pescara	http://www.squawka.com/teams/pescara/stats	bologna	Bologna	http://www.squawka.com/teams/bologna/stats	0 - 3	0	3	Serie A	18th December 2016	http://serie-a.squawka.com/italian-serie-a/18-12-2016/pescara-vs-bologna/matches	31325
2016	21	udinese	Udinese	http://www.squawka.com/teams/udinese/stats	crotone	Crotone	http://www.squawka.com/teams/crotone/stats	2 - 0	2	0	Serie A	18th December 2016	http://serie-a.squawka.com/italian-serie-a/18-12-2016/udinese-vs-crotone/matches	31327
2016	21	sassuolo	Sassuolo	http://www.squawka.com/teams/sassuolo/stats	internazionale	Inter	http://www.squawka.com/teams/internazionale/stats	0 - 1	0	1	Serie A	18th December 2016	http://serie-a.squawka.com/italian-serie-a/18-12-2016/sassuolo-vs-inter/matches	31326
2016	21	juventus	Juventus	http://www.squawka.com/teams/juventus/stats	roma	Roma	http://www.squawka.com/teams/roma/stats	1 - 0	1	0	Serie A	17th December 2016	http://serie-a.squawka.com/italian-serie-a/17-12-2016/juventus-vs-roma/matches	31321
2016	21	milan	Milan	http://www.squawka.com/teams/milan/stats	atalanta	Atalanta	http://www.squawka.com/teams/atalanta/stats	0 - 0	0	0	Serie A	17th December 2016	http://serie-a.squawka.com/italian-serie-a/17-12-2016/milan-vs-atalanta/matches	31323
2016	21	empoli	Empoli	http://www.squawka.com/teams/empoli/stats	cagliari	Cagliari	http://www.squawka.com/teams/cagliari/stats	2 - 0	2	0	Serie A	17th December 2016	http://serie-a.squawka.com/italian-serie-a/17-12-2016/empoli-vs-cagliari/matches	31319
2016	21	roma	Roma	http://www.squawka.com/teams/roma/stats	milan	Milan	http://www.squawka.com/teams/milan/stats	1 - 0	1	0	Serie A	12th December 2016	http://serie-a.squawka.com/italian-serie-a/12-12-2016/roma-vs-milan/matches	31315
2016	21	fiorentina	Fiorentina	http://www.squawka.com/teams/fiorentina/stats	sassuolo	Sassuolo	http://www.squawka.com/teams/sassuolo/stats	2 - 1	2	1	Serie A	12th December 2016	http://serie-a.squawka.com/italian-serie-a/12-12-2016/fiorentina-vs-sassuolo/matches	31312
2016	21	internazionale	Inter	http://www.squawka.com/teams/internazionale/stats	genoa	Genoa	http://www.squawka.com/teams/genoa/stats	2 - 0	2	0	Serie A	11th December 2016	http://serie-a.squawka.com/italian-serie-a/11-12-2016/inter-vs-genoa/matches	31313
2016	21	atalanta	Atalanta	http://www.squawka.com/teams/atalanta/stats	udinese	Udinese	http://www.squawka.com/teams/udinese/stats	1 - 3	1	3	Serie A	11th December 2016	http://serie-a.squawka.com/italian-serie-a/11-12-2016/atalanta-vs-udinese/matches	31308
2016	21	bologna	Bologna	http://www.squawka.com/teams/bologna/stats	empoli	Empoli	http://www.squawka.com/teams/empoli/stats	0 - 0	0	0	Serie A	11th December 2016	http://serie-a.squawka.com/italian-serie-a/11-12-2016/bologna-vs-empoli/matches	31309
2016	21	palermo	Palermo	http://www.squawka.com/teams/palermo/stats	chievo	Chievo	http://www.squawka.com/teams/chievo/stats	0 - 2	0	2	Serie A	11th December 2016	http://serie-a.squawka.com/italian-serie-a/11-12-2016/palermo-vs-chievo/matches	31314
2016	21	torino	Torino	http://www.squawka.com/teams/torino/stats	juventus	Juventus	http://www.squawka.com/teams/juventus/stats	1 - 3	1	3	Serie A	11th December 2016	http://serie-a.squawka.com/italian-serie-a/11-12-2016/torino-vs-juventus/matches	31317
2016	21	cagliari	Cagliari	http://www.squawka.com/teams/cagliari/stats	napoli	Napoli	http://www.squawka.com/teams/napoli/stats	0 - 5	0	5	Serie A	11th December 2016	http://serie-a.squawka.com/italian-serie-a/11-12-2016/cagliari-vs-napoli/matches	31310
2016	21	sampdoria	Sampdoria	http://www.squawka.com/teams/sampdoria/stats	lazio	Lazio	http://www.squawka.com/teams/lazio/stats	1 - 2	1	2	Serie A	10th December 2016	http://serie-a.squawka.com/italian-serie-a/10-12-2016/sampdoria-vs-lazio/matches	31316
2016	21	crotone	Crotone	http://www.squawka.com/teams/crotone/stats	pescara	Pescara	http://www.squawka.com/teams/pescara/stats	2 - 1	2	1	Serie A	10th December 2016	http://serie-a.squawka.com/italian-serie-a/10-12-2016/crotone-vs-pescara/matches	31311
2016	21	udinese	Udinese	http://www.squawka.com/teams/udinese/stats	bologna	Bologna	http://www.squawka.com/teams/bologna/stats	1 - 0	1	0	Serie A	5th December 2016	http://serie-a.squawka.com/italian-serie-a/05-12-2016/udinese-vs-bologna/matches	31307
2016	21	chievo	Chievo	http://www.squawka.com/teams/chievo/stats	genoa	Genoa	http://www.squawka.com/teams/genoa/stats	0 - 0	0	0	Serie A	5th December 2016	http://serie-a.squawka.com/italian-serie-a/05-12-2016/chievo-vs-genoa/matches	31298
2016	21	fiorentina	Fiorentina	http://www.squawka.com/teams/fiorentina/stats	palermo	Palermo	http://www.squawka.com/teams/palermo/stats	2 - 1	2	1	Serie A	4th December 2016	http://serie-a.squawka.com/italian-serie-a/04-12-2016/fiorentina-vs-palermo/matches	31299
2016	21	lazio	Lazio	http://www.squawka.com/teams/lazio/stats	roma	Roma	http://www.squawka.com/teams/roma/stats	0 - 2	0	2	Serie A	4th December 2016	http://serie-a.squawka.com/italian-serie-a/04-12-2016/lazio-vs-roma/matches	31301
2016	21	pescara	Pescara	http://www.squawka.com/teams/pescara/stats	cagliari	Cagliari	http://www.squawka.com/teams/cagliari/stats	1 - 1	1	1	Serie A	4th December 2016	http://serie-a.squawka.com/italian-serie-a/04-12-2016/pescara-vs-cagliari/matches	31304
2016	21	sampdoria	Sampdoria	http://www.squawka.com/teams/sampdoria/stats	torino	Torino	http://www.squawka.com/teams/torino/stats	2 - 0	2	0	Serie A	4th December 2016	http://serie-a.squawka.com/italian-serie-a/04-12-2016/sampdoria-vs-torino/matches	31305
2016	21	sassuolo	Sassuolo	http://www.squawka.com/teams/sassuolo/stats	empoli	Empoli	http://www.squawka.com/teams/empoli/stats	3 - 0	3	0	Serie A	4th December 2016	http://serie-a.squawka.com/italian-serie-a/04-12-2016/sassuolo-vs-empoli/matches	31306
2016	21	milan	Milan	http://www.squawka.com/teams/milan/stats	crotone	Crotone	http://www.squawka.com/teams/crotone/stats	2 - 1	2	1	Serie A	4th December 2016	http://serie-a.squawka.com/italian-serie-a/04-12-2016/milan-vs-crotone/matches	31302
2016	21	juventus	Juventus	http://www.squawka.com/teams/juventus/stats	atalanta	Atalanta	http://www.squawka.com/teams/atalanta/stats	3 - 1	3	1	Serie A	3rd December 2016	http://serie-a.squawka.com/italian-serie-a/03-12-2016/juventus-vs-atalanta/matches	31300
2016	21	napoli	Napoli	http://www.squawka.com/teams/napoli/stats	internazionale	Inter	http://www.squawka.com/teams/internazionale/stats	3 - 0	3	0	Serie A	2nd December 2016	http://serie-a.squawka.com/italian-serie-a/02-12-2016/napoli-vs-inter/matches	31303
2016	21	internazionale	Inter	http://www.squawka.com/teams/internazionale/stats	fiorentina	Fiorentina	http://www.squawka.com/teams/fiorentina/stats	4 - 2	4	2	Serie A	28th November 2016	http://serie-a.squawka.com/italian-serie-a/28-11-2016/inter-vs-fiorentina/matches	31293
2016	21	napoli	Napoli	http://www.squawka.com/teams/napoli/stats	sassuolo	Sassuolo	http://www.squawka.com/teams/sassuolo/stats	1 - 1	1	1	Serie A	28th November 2016	http://serie-a.squawka.com/italian-serie-a/28-11-2016/napoli-vs-sassuolo/matches	31294
2016	21	roma	Roma	http://www.squawka.com/teams/roma/stats	pescara	Pescara	http://www.squawka.com/teams/pescara/stats	3 - 2	3	2	Serie A	27th November 2016	http://serie-a.squawka.com/italian-serie-a/27-11-2016/roma-vs-pescara/matches	31296
2016	21	bologna	Bologna	http://www.squawka.com/teams/bologna/stats	atalanta	Atalanta	http://www.squawka.com/teams/atalanta/stats	0 - 2	0	2	Serie A	27th November 2016	http://serie-a.squawka.com/italian-serie-a/27-11-2016/bologna-vs-atalanta/matches	31288
2016	21	cagliari	Cagliari	http://www.squawka.com/teams/cagliari/stats	udinese	Udinese	http://www.squawka.com/teams/udinese/stats	2 - 1	2	1	Serie A	27th November 2016	http://serie-a.squawka.com/italian-serie-a/27-11-2016/cagliari-vs-udinese/matches	31289
2016	21	crotone	Crotone	http://www.squawka.com/teams/crotone/stats	sampdoria	Sampdoria	http://www.squawka.com/teams/sampdoria/stats	1 - 1	1	1	Serie A	27th November 2016	http://serie-a.squawka.com/italian-serie-a/27-11-2016/crotone-vs-sampdoria/matches	31290
2016	21	genoa	Genoa	http://www.squawka.com/teams/genoa/stats	juventus	Juventus	http://www.squawka.com/teams/juventus/stats	3 - 1	3	1	Serie A	27th November 2016	http://serie-a.squawka.com/italian-serie-a/27-11-2016/genoa-vs-juventus/matches	31292
2016	21	palermo	Palermo	http://www.squawka.com/teams/palermo/stats	lazio	Lazio	http://www.squawka.com/teams/lazio/stats	0 - 1	0	1	Serie A	27th November 2016	http://serie-a.squawka.com/italian-serie-a/27-11-2016/palermo-vs-lazio/matches	31295
2016	21	empoli	Empoli	http://www.squawka.com/teams/empoli/stats	milan	Milan	http://www.squawka.com/teams/milan/stats	1 - 4	1	4	Serie A	26th November 2016	http://serie-a.squawka.com/italian-serie-a/26-11-2016/empoli-vs-milan/matches	31291
2016	21	torino	Torino	http://www.squawka.com/teams/torino/stats	chievo	Chievo	http://www.squawka.com/teams/chievo/stats	2 - 1	2	1	Serie A	26th November 2016	http://serie-a.squawka.com/italian-serie-a/26-11-2016/torino-vs-chievo/matches	31297
2016	21	milan	Milan	http://www.squawka.com/teams/milan/stats	internazionale	Inter	http://www.squawka.com/teams/internazionale/stats	2 - 2	2	2	Serie A	20th November 2016	http://serie-a.squawka.com/italian-serie-a/20-11-2016/milan-vs-inter/matches	31285
2016	21	atalanta	Atalanta	http://www.squawka.com/teams/atalanta/stats	roma	Roma	http://www.squawka.com/teams/roma/stats	2 - 1	2	1	Serie A	20th November 2016	http://serie-a.squawka.com/italian-serie-a/20-11-2016/atalanta-vs-roma/matches	31278
2016	21	bologna	Bologna	http://www.squawka.com/teams/bologna/stats	palermo	Palermo	http://www.squawka.com/teams/palermo/stats	3 - 1	3	1	Serie A	20th November 2016	http://serie-a.squawka.com/italian-serie-a/20-11-2016/bologna-vs-palermo/matches	31279
2016	21	crotone	Crotone	http://www.squawka.com/teams/crotone/stats	torino	Torino	http://www.squawka.com/teams/torino/stats	0 - 2	0	2	Serie A	20th November 2016	http://serie-a.squawka.com/italian-serie-a/20-11-2016/crotone-vs-torino/matches	31281
2016	21	empoli	Empoli	http://www.squawka.com/teams/empoli/stats	fiorentina	Fiorentina	http://www.squawka.com/teams/fiorentina/stats	0 - 4	0	4	Serie A	20th November 2016	http://serie-a.squawka.com/italian-serie-a/20-11-2016/empoli-vs-fiorentina/matches	31282
2016	21	lazio	Lazio	http://www.squawka.com/teams/lazio/stats	genoa	Genoa	http://www.squawka.com/teams/genoa/stats	3 - 1	3	1	Serie A	20th November 2016	http://serie-a.squawka.com/italian-serie-a/20-11-2016/lazio-vs-genoa/matches	31284
2016	21	sampdoria	Sampdoria	http://www.squawka.com/teams/sampdoria/stats	sassuolo	Sassuolo	http://www.squawka.com/teams/sassuolo/stats	3 - 2	3	2	Serie A	20th November 2016	http://serie-a.squawka.com/italian-serie-a/20-11-2016/sampdoria-vs-sassuolo/matches	31286
2016	21	juventus	Juventus	http://www.squawka.com/teams/juventus/stats	pescara	Pescara	http://www.squawka.com/teams/pescara/stats	3 - 0	3	0	Serie A	19th November 2016	http://serie-a.squawka.com/italian-serie-a/19-11-2016/juventus-vs-pescara/matches	31283
2016	21	udinese	Udinese	http://www.squawka.com/teams/udinese/stats	napoli	Napoli	http://www.squawka.com/teams/napoli/stats	1 - 2	1	2	Serie A	19th November 2016	http://serie-a.squawka.com/italian-serie-a/19-11-2016/udinese-vs-napoli/matches	31287
2016	21	chievo	Chievo	http://www.squawka.com/teams/chievo/stats	cagliari	Cagliari	http://www.squawka.com/teams/cagliari/stats	1 - 0	1	0	Serie A	19th November 2016	http://serie-a.squawka.com/italian-serie-a/19-11-2016/chievo-vs-cagliari/matches	31280
2016	21	roma	Roma	http://www.squawka.com/teams/roma/stats	bologna	Bologna	http://www.squawka.com/teams/bologna/stats	3 - 0	3	0	Serie A	6th November 2016	http://serie-a.squawka.com/italian-serie-a/06-11-2016/roma-vs-bologna/matches	31275
2016	21	fiorentina	Fiorentina	http://www.squawka.com/teams/fiorentina/stats	sampdoria	Sampdoria	http://www.squawka.com/teams/sampdoria/stats	1 - 1	1	1	Serie A	6th November 2016	http://serie-a.squawka.com/italian-serie-a/06-11-2016/fiorentina-vs-sampdoria/matches	31269
2016	21	internazionale	Inter	http://www.squawka.com/teams/internazionale/stats	crotone	Crotone	http://www.squawka.com/teams/crotone/stats	3 - 0	3	0	Serie A	6th November 2016	http://serie-a.squawka.com/italian-serie-a/06-11-2016/inter-vs-crotone/matches	31271
2016	21	chievo	Chievo	http://www.squawka.com/teams/chievo/stats	juventus	Juventus	http://www.squawka.com/teams/juventus/stats	1 - 2	1	2	Serie A	6th November 2016	http://serie-a.squawka.com/italian-serie-a/06-11-2016/chievo-vs-juventus/matches	31268
2016	21	genoa	Genoa	http://www.squawka.com/teams/genoa/stats	udinese	Udinese	http://www.squawka.com/teams/udinese/stats	1 - 1	1	1	Serie A	6th November 2016	http://serie-a.squawka.com/italian-serie-a/06-11-2016/genoa-vs-udinese/matches	31270
2016	21	palermo	Palermo	http://www.squawka.com/teams/palermo/stats	milan	Milan	http://www.squawka.com/teams/milan/stats	1 - 2	1	2	Serie A	6th November 2016	http://serie-a.squawka.com/italian-serie-a/06-11-2016/palermo-vs-milan/matches	31273
2016	21	sassuolo	Sassuolo	http://www.squawka.com/teams/sassuolo/stats	atalanta	Atalanta	http://www.squawka.com/teams/atalanta/stats	0 - 3	0	3	Serie A	6th November 2016	http://serie-a.squawka.com/italian-serie-a/06-11-2016/sassuolo-vs-atalanta/matches	31276
2016	21	pescara	Pescara	http://www.squawka.com/teams/pescara/stats	empoli	Empoli	http://www.squawka.com/teams/empoli/stats	0 - 4	0	4	Serie A	6th November 2016	http://serie-a.squawka.com/italian-serie-a/06-11-2016/pescara-vs-empoli/matches	31274
2016	21	napoli	Napoli	http://www.squawka.com/teams/napoli/stats	lazio	Lazio	http://www.squawka.com/teams/lazio/stats	1 - 1	1	1	Serie A	5th November 2016	http://serie-a.squawka.com/italian-serie-a/05-11-2016/napoli-vs-lazio/matches	31272
2016	21	torino	Torino	http://www.squawka.com/teams/torino/stats	cagliari	Cagliari	http://www.squawka.com/teams/cagliari/stats	5 - 1	5	1	Serie A	5th November 2016	http://serie-a.squawka.com/italian-serie-a/05-11-2016/torino-vs-cagliari/matches	31277
2016	21	cagliari	Cagliari	http://www.squawka.com/teams/cagliari/stats	palermo	Palermo	http://www.squawka.com/teams/palermo/stats	2 - 1	2	1	Serie A	31st October 2016	http://serie-a.squawka.com/italian-serie-a/31-10-2016/cagliari-vs-palermo/matches	31260
2016	21	udinese	Udinese	http://www.squawka.com/teams/udinese/stats	torino	Torino	http://www.squawka.com/teams/torino/stats	2 - 2	2	2	Serie A	31st October 2016	http://serie-a.squawka.com/italian-serie-a/31-10-2016/udinese-vs-torino/matches	31267
2016	21	sampdoria	Sampdoria	http://www.squawka.com/teams/sampdoria/stats	internazionale	Inter	http://www.squawka.com/teams/internazionale/stats	1 - 0	1	0	Serie A	30th October 2016	http://serie-a.squawka.com/italian-serie-a/30-10-2016/sampdoria-vs-inter/matches	31266
2016	21	crotone	Crotone	http://www.squawka.com/teams/crotone/stats	chievo	Chievo	http://www.squawka.com/teams/chievo/stats	2 - 0	2	0	Serie A	30th October 2016	http://serie-a.squawka.com/italian-serie-a/30-10-2016/crotone-vs-chievo/matches	31261
2016	21	empoli	Empoli	http://www.squawka.com/teams/empoli/stats	roma	Roma	http://www.squawka.com/teams/roma/stats	0 - 0	0	0	Serie A	30th October 2016	http://serie-a.squawka.com/italian-serie-a/30-10-2016/empoli-vs-roma/matches	31262
2016	21	lazio	Lazio	http://www.squawka.com/teams/lazio/stats	sassuolo	Sassuolo	http://www.squawka.com/teams/sassuolo/stats	2 - 1	2	1	Serie A	30th October 2016	http://serie-a.squawka.com/italian-serie-a/30-10-2016/lazio-vs-sassuolo/matches	31264
2016	21	milan	Milan	http://www.squawka.com/teams/milan/stats	pescara	Pescara	http://www.squawka.com/teams/pescara/stats	1 - 0	1	0	Serie A	30th October 2016	http://serie-a.squawka.com/italian-serie-a/30-10-2016/milan-vs-pescara/matches	31265
2016	21	atalanta	Atalanta	http://www.squawka.com/teams/atalanta/stats	genoa	Genoa	http://www.squawka.com/teams/genoa/stats	3 - 0	3	0	Serie A	30th October 2016	http://serie-a.squawka.com/italian-serie-a/30-10-2016/atalanta-vs-genoa/matches	31258
2016	21	bologna	Bologna	http://www.squawka.com/teams/bologna/stats	fiorentina	Fiorentina	http://www.squawka.com/teams/fiorentina/stats	0 - 1	0	1	Serie A	29th October 2016	http://serie-a.squawka.com/italian-serie-a/29-10-2016/bologna-vs-fiorentina/matches	31259
2016	21	juventus	Juventus	http://www.squawka.com/teams/juventus/stats	napoli	Napoli	http://www.squawka.com/teams/napoli/stats	2 - 1	2	1	Serie A	29th October 2016	http://serie-a.squawka.com/italian-serie-a/29-10-2016/juventus-vs-napoli/matches	31263
2016	21	palermo	Palermo	http://www.squawka.com/teams/palermo/stats	udinese	Udinese	http://www.squawka.com/teams/udinese/stats	1 - 3	1	3	Serie A	27th October 2016	http://serie-a.squawka.com/italian-serie-a/27-10-2016/palermo-vs-udinese/matches	31255
2016	21	chievo	Chievo	http://www.squawka.com/teams/chievo/stats	bologna	Bologna	http://www.squawka.com/teams/bologna/stats	1 - 1	1	1	Serie A	26th October 2016	http://serie-a.squawka.com/italian-serie-a/26-10-2016/chievo-vs-bologna/matches	31248
2016	21	fiorentina	Fiorentina	http://www.squawka.com/teams/fiorentina/stats	crotone	Crotone	http://www.squawka.com/teams/crotone/stats	1 - 1	1	1	Serie A	26th October 2016	http://serie-a.squawka.com/italian-serie-a/26-10-2016/fiorentina-vs-crotone/matches	31249
2016	21	internazionale	Inter	http://www.squawka.com/teams/internazionale/stats	torino	Torino	http://www.squawka.com/teams/torino/stats	2 - 1	2	1	Serie A	26th October 2016	http://serie-a.squawka.com/italian-serie-a/26-10-2016/inter-vs-torino/matches	31251
2016	21	juventus	Juventus	http://www.squawka.com/teams/juventus/stats	sampdoria	Sampdoria	http://www.squawka.com/teams/sampdoria/stats	4 - 1	4	1	Serie A	26th October 2016	http://serie-a.squawka.com/italian-serie-a/26-10-2016/juventus-vs-sampdoria/matches	31252
2016	21	lazio	Lazio	http://www.squawka.com/teams/lazio/stats	cagliari	Cagliari	http://www.squawka.com/teams/cagliari/stats	4 - 1	4	1	Serie A	26th October 2016	http://serie-a.squawka.com/italian-serie-a/26-10-2016/lazio-vs-cagliari/matches	31253
2016	21	napoli	Napoli	http://www.squawka.com/teams/napoli/stats	empoli	Empoli	http://www.squawka.com/teams/empoli/stats	2 - 0	2	0	Serie A	26th October 2016	http://serie-a.squawka.com/italian-serie-a/26-10-2016/napoli-vs-empoli/matches	31254
2016	21	pescara	Pescara	http://www.squawka.com/teams/pescara/stats	atalanta	Atalanta	http://www.squawka.com/teams/atalanta/stats	0 - 0	0	0	Serie A	26th October 2016	http://serie-a.squawka.com/italian-serie-a/26-10-2016/pescara-vs-atalanta/matches	31256
2016	21	sassuolo	Sassuolo	http://www.squawka.com/teams/sassuolo/stats	roma	Roma	http://www.squawka.com/teams/roma/stats	1 - 3	1	3	Serie A	26th October 2016	http://serie-a.squawka.com/italian-serie-a/26-10-2016/sassuolo-vs-roma/matches	31257
2016	21	genoa	Genoa	http://www.squawka.com/teams/genoa/stats	milan	Milan	http://www.squawka.com/teams/milan/stats	3 - 0	3	0	Serie A	25th October 2016	http://serie-a.squawka.com/italian-serie-a/25-10-2016/genoa-vs-milan/matches	31250
2016	21	roma	Roma	http://www.squawka.com/teams/roma/stats	palermo	Palermo	http://www.squawka.com/teams/palermo/stats	4 - 1	4	1	Serie A	23rd October 2016	http://serie-a.squawka.com/italian-serie-a/23-10-2016/roma-vs-palermo/matches	31244
2016	21	bologna	Bologna	http://www.squawka.com/teams/bologna/stats	sassuolo	Sassuolo	http://www.squawka.com/teams/sassuolo/stats	1 - 1	1	1	Serie A	23rd October 2016	http://serie-a.squawka.com/italian-serie-a/23-10-2016/bologna-vs-sassuolo/matches	31239
2016	21	atalanta	Atalanta	http://www.squawka.com/teams/atalanta/stats	internazionale	Inter	http://www.squawka.com/teams/internazionale/stats	2 - 1	2	1	Serie A	23rd October 2016	http://serie-a.squawka.com/italian-serie-a/23-10-2016/atalanta-vs-inter/matches	31238
2016	21	cagliari	Cagliari	http://www.squawka.com/teams/cagliari/stats	fiorentina	Fiorentina	http://www.squawka.com/teams/fiorentina/stats	3 - 5	3	5	Serie A	23rd October 2016	http://serie-a.squawka.com/italian-serie-a/23-10-2016/cagliari-vs-fiorentina/matches	31240
2016	21	crotone	Crotone	http://www.squawka.com/teams/crotone/stats	napoli	Napoli	http://www.squawka.com/teams/napoli/stats	1 - 2	1	2	Serie A	23rd October 2016	http://serie-a.squawka.com/italian-serie-a/23-10-2016/crotone-vs-napoli/matches	31241
2016	21	empoli	Empoli	http://www.squawka.com/teams/empoli/stats	chievo	Chievo	http://www.squawka.com/teams/chievo/stats	0 - 0	0	0	Serie A	23rd October 2016	http://serie-a.squawka.com/italian-serie-a/23-10-2016/empoli-vs-chievo/matches	31242
2016	21	torino	Torino	http://www.squawka.com/teams/torino/stats	lazio	Lazio	http://www.squawka.com/teams/lazio/stats	2 - 2	2	2	Serie A	23rd October 2016	http://serie-a.squawka.com/italian-serie-a/23-10-2016/torino-vs-lazio/matches	31246
2016	21	udinese	Udinese	http://www.squawka.com/teams/udinese/stats	pescara	Pescara	http://www.squawka.com/teams/pescara/stats	3 - 1	3	1	Serie A	23rd October 2016	http://serie-a.squawka.com/italian-serie-a/23-10-2016/udinese-vs-pescara/matches	31247
2016	21	milan	Milan	http://www.squawka.com/teams/milan/stats	juventus	Juventus	http://www.squawka.com/teams/juventus/stats	1 - 0	1	0	Serie A	22nd October 2016	http://serie-a.squawka.com/italian-serie-a/22-10-2016/milan-vs-juventus/matches	31243
2016	21	sampdoria	Sampdoria	http://www.squawka.com/teams/sampdoria/stats	genoa	Genoa	http://www.squawka.com/teams/genoa/stats	2 - 1	2	1	Serie A	22nd October 2016	http://serie-a.squawka.com/italian-serie-a/22-10-2016/sampdoria-vs-genoa/matches	31245
2016	21	palermo	Palermo	http://www.squawka.com/teams/palermo/stats	torino	Torino	http://www.squawka.com/teams/torino/stats	1 - 4	1	4	Serie A	17th October 2016	http://serie-a.squawka.com/italian-serie-a/17-10-2016/palermo-vs-torino/matches	31235
2016	21	chievo	Chievo	http://www.squawka.com/teams/chievo/stats	milan	Milan	http://www.squawka.com/teams/milan/stats	1 - 3	1	3	Serie A	16th October 2016	http://serie-a.squawka.com/italian-serie-a/16-10-2016/chievo-vs-milan/matches	31228
2016	21	genoa	Genoa	http://www.squawka.com/teams/genoa/stats	empoli	Empoli	http://www.squawka.com/teams/empoli/stats	0 - 0	0	0	Serie A	16th October 2016	http://serie-a.squawka.com/italian-serie-a/16-10-2016/genoa-vs-empoli/matches	31230
2016	21	internazionale	Inter	http://www.squawka.com/teams/internazionale/stats	cagliari	Cagliari	http://www.squawka.com/teams/cagliari/stats	1 - 2	1	2	Serie A	16th October 2016	http://serie-a.squawka.com/italian-serie-a/16-10-2016/inter-vs-cagliari/matches	31231
2016	21	lazio	Lazio	http://www.squawka.com/teams/lazio/stats	bologna	Bologna	http://www.squawka.com/teams/bologna/stats	1 - 1	1	1	Serie A	16th October 2016	http://serie-a.squawka.com/italian-serie-a/16-10-2016/lazio-vs-bologna/matches	31233
2016	21	sassuolo	Sassuolo	http://www.squawka.com/teams/sassuolo/stats	crotone	Crotone	http://www.squawka.com/teams/crotone/stats	2 - 1	2	1	Serie A	16th October 2016	http://serie-a.squawka.com/italian-serie-a/16-10-2016/sassuolo-vs-crotone/matches	31237
2016	21	fiorentina	Fiorentina	http://www.squawka.com/teams/fiorentina/stats	atalanta	Atalanta	http://www.squawka.com/teams/atalanta/stats	0 - 0	0	0	Serie A	16th October 2016	http://serie-a.squawka.com/italian-serie-a/16-10-2016/fiorentina-vs-atalanta/matches	31229
2016	21	juventus	Juventus	http://www.squawka.com/teams/juventus/stats	udinese	Udinese	http://www.squawka.com/teams/udinese/stats	2 - 1	2	1	Serie A	15th October 2016	http://serie-a.squawka.com/italian-serie-a/15-10-2016/juventus-vs-udinese/matches	31232
2016	21	pescara	Pescara	http://www.squawka.com/teams/pescara/stats	sampdoria	Sampdoria	http://www.squawka.com/teams/sampdoria/stats	1 - 1	1	1	Serie A	15th October 2016	http://serie-a.squawka.com/italian-serie-a/15-10-2016/pescara-vs-sampdoria/matches	31236
2016	21	napoli	Napoli	http://www.squawka.com/teams/napoli/stats	roma	Roma	http://www.squawka.com/teams/roma/stats	1 - 3	1	3	Serie A	15th October 2016	http://serie-a.squawka.com/italian-serie-a/15-10-2016/napoli-vs-roma/matches	31234
2016	21	roma	Roma	http://www.squawka.com/teams/roma/stats	internazionale	Inter	http://www.squawka.com/teams/internazionale/stats	2 - 1	2	1	Serie A	2nd October 2016	http://serie-a.squawka.com/italian-serie-a/02-10-2016/roma-vs-inter/matches	31224
2016	21	milan	Milan	http://www.squawka.com/teams/milan/stats	sassuolo	Sassuolo	http://www.squawka.com/teams/sassuolo/stats	4 - 3	4	3	Serie A	2nd October 2016	http://serie-a.squawka.com/italian-serie-a/02-10-2016/milan-vs-sassuolo/matches	31222
2016	21	torino	Torino	http://www.squawka.com/teams/torino/stats	fiorentina	Fiorentina	http://www.squawka.com/teams/fiorentina/stats	2 - 1	2	1	Serie A	2nd October 2016	http://serie-a.squawka.com/italian-serie-a/02-10-2016/torino-vs-fiorentina/matches	31226
2016	21	atalanta	Atalanta	http://www.squawka.com/teams/atalanta/stats	napoli	Napoli	http://www.squawka.com/teams/napoli/stats	1 - 0	1	0	Serie A	2nd October 2016	http://serie-a.squawka.com/italian-serie-a/02-10-2016/atalanta-vs-napoli/matches	31218
2016	21	bologna	Bologna	http://www.squawka.com/teams/bologna/stats	genoa	Genoa	http://www.squawka.com/teams/genoa/stats	0 - 1	0	1	Serie A	2nd October 2016	http://serie-a.squawka.com/italian-serie-a/02-10-2016/bologna-vs-genoa/matches	31219
2016	21	cagliari	Cagliari	http://www.squawka.com/teams/cagliari/stats	crotone	Crotone	http://www.squawka.com/teams/crotone/stats	2 - 1	2	1	Serie A	2nd October 2016	http://serie-a.squawka.com/italian-serie-a/02-10-2016/cagliari-vs-crotone/matches	31220
2016	21	sampdoria	Sampdoria	http://www.squawka.com/teams/sampdoria/stats	palermo	Palermo	http://www.squawka.com/teams/palermo/stats	1 - 1	1	1	Serie A	2nd October 2016	http://serie-a.squawka.com/italian-serie-a/02-10-2016/sampdoria-vs-palermo/matches	31225
2016	21	empoli	Empoli	http://www.squawka.com/teams/empoli/stats	juventus	Juventus	http://www.squawka.com/teams/juventus/stats	0 - 3	0	3	Serie A	2nd October 2016	http://serie-a.squawka.com/italian-serie-a/02-10-2016/empoli-vs-juventus/matches	31221
2016	21	udinese	Udinese	http://www.squawka.com/teams/udinese/stats	lazio	Lazio	http://www.squawka.com/teams/lazio/stats	0 - 3	0	3	Serie A	1st October 2016	http://serie-a.squawka.com/italian-serie-a/01-10-2016/udinese-vs-lazio/matches	31227
2016	21	pescara	Pescara	http://www.squawka.com/teams/pescara/stats	chievo	Chievo	http://www.squawka.com/teams/chievo/stats	0 - 2	0	2	Serie A	1st October 2016	http://serie-a.squawka.com/italian-serie-a/01-10-2016/pescara-vs-chievo/matches	31223
2016	21	cagliari	Cagliari	http://www.squawka.com/teams/cagliari/stats	sampdoria	Sampdoria	http://www.squawka.com/teams/sampdoria/stats	2 - 1	2	1	Serie A	26th September 2016	http://serie-a.squawka.com/italian-serie-a/26-09-2016/cagliari-vs-sampdoria/matches	31208
2016	21	fiorentina	Fiorentina	http://www.squawka.com/teams/fiorentina/stats	milan	Milan	http://www.squawka.com/teams/milan/stats	0 - 0	0	0	Serie A	25th September 2016	http://serie-a.squawka.com/italian-serie-a/25-09-2016/fiorentina-vs-milan/matches	31210
2016	21	crotone	Crotone	http://www.squawka.com/teams/crotone/stats	atalanta	Atalanta	http://www.squawka.com/teams/atalanta/stats	0 - 0	0	0	Serie A	25th September 2016	http://serie-a.squawka.com/italian-serie-a/25-09-2016/crotone-vs-atalanta/matches	31209
2016	21	genoa	Genoa	http://www.squawka.com/teams/genoa/stats	pescara	Pescara	http://www.squawka.com/teams/pescara/stats	1 - 1	1	1	Serie A	25th September 2016	http://serie-a.squawka.com/italian-serie-a/25-09-2016/genoa-vs-pescara/matches	31211
2016	21	internazionale	Inter	http://www.squawka.com/teams/internazionale/stats	bologna	Bologna	http://www.squawka.com/teams/bologna/stats	1 - 1	1	1	Serie A	25th September 2016	http://serie-a.squawka.com/italian-serie-a/25-09-2016/inter-vs-bologna/matches	31212
2016	21	lazio	Lazio	http://www.squawka.com/teams/lazio/stats	empoli	Empoli	http://www.squawka.com/teams/empoli/stats	2 - 0	2	0	Serie A	25th September 2016	http://serie-a.squawka.com/italian-serie-a/25-09-2016/lazio-vs-empoli/matches	31213
2016	21	sassuolo	Sassuolo	http://www.squawka.com/teams/sassuolo/stats	udinese	Udinese	http://www.squawka.com/teams/udinese/stats	1 - 0	1	0	Serie A	25th September 2016	http://serie-a.squawka.com/italian-serie-a/25-09-2016/sassuolo-vs-udinese/matches	31216
2016	21	torino	Torino	http://www.squawka.com/teams/torino/stats	roma	Roma	http://www.squawka.com/teams/roma/stats	3 - 1	3	1	Serie A	25th September 2016	http://serie-a.squawka.com/italian-serie-a/25-09-2016/torino-vs-roma/matches	31217
2016	21	napoli	Napoli	http://www.squawka.com/teams/napoli/stats	chievo	Chievo	http://www.squawka.com/teams/chievo/stats	2 - 0	2	0	Serie A	24th September 2016	http://serie-a.squawka.com/italian-serie-a/24-09-2016/napoli-vs-chievo/matches	31214
2016	21	palermo	Palermo	http://www.squawka.com/teams/palermo/stats	juventus	Juventus	http://www.squawka.com/teams/juventus/stats	0 - 1	0	1	Serie A	24th September 2016	http://serie-a.squawka.com/italian-serie-a/24-09-2016/palermo-vs-juventus/matches	31215
2016	21	atalanta	Atalanta	http://www.squawka.com/teams/atalanta/stats	palermo	Palermo	http://www.squawka.com/teams/palermo/stats	0 - 1	0	1	Serie A	21st September 2016	http://serie-a.squawka.com/italian-serie-a/21-09-2016/atalanta-vs-palermo/matches	31198
2016	21	chievo	Chievo	http://www.squawka.com/teams/chievo/stats	sassuolo	Sassuolo	http://www.squawka.com/teams/sassuolo/stats	2 - 1	2	1	Serie A	21st September 2016	http://serie-a.squawka.com/italian-serie-a/21-09-2016/chievo-vs-sassuolo/matches	31200
2016	21	empoli	Empoli	http://www.squawka.com/teams/empoli/stats	internazionale	Inter	http://www.squawka.com/teams/internazionale/stats	0 - 2	0	2	Serie A	21st September 2016	http://serie-a.squawka.com/italian-serie-a/21-09-2016/empoli-vs-inter/matches	31201
2016	21	genoa	Genoa	http://www.squawka.com/teams/genoa/stats	napoli	Napoli	http://www.squawka.com/teams/napoli/stats	0 - 0	0	0	Serie A	21st September 2016	http://serie-a.squawka.com/italian-serie-a/21-09-2016/genoa-vs-napoli/matches	31202
2016	21	juventus	Juventus	http://www.squawka.com/teams/juventus/stats	cagliari	Cagliari	http://www.squawka.com/teams/cagliari/stats	4 - 0	4	0	Serie A	21st September 2016	http://serie-a.squawka.com/italian-serie-a/21-09-2016/juventus-vs-cagliari/matches	31203
2016	21	pescara	Pescara	http://www.squawka.com/teams/pescara/stats	torino	Torino	http://www.squawka.com/teams/torino/stats	0 - 0	0	0	Serie A	21st September 2016	http://serie-a.squawka.com/italian-serie-a/21-09-2016/pescara-vs-torino/matches	31205
2016	21	roma	Roma	http://www.squawka.com/teams/roma/stats	crotone	Crotone	http://www.squawka.com/teams/crotone/stats	4 - 0	4	0	Serie A	21st September 2016	http://serie-a.squawka.com/italian-serie-a/21-09-2016/roma-vs-crotone/matches	31206
2016	21	udinese	Udinese	http://www.squawka.com/teams/udinese/stats	fiorentina	Fiorentina	http://www.squawka.com/teams/fiorentina/stats	2 - 2	2	2	Serie A	21st September 2016	http://serie-a.squawka.com/italian-serie-a/21-09-2016/udinese-vs-fiorentina/matches	31207
2016	21	bologna	Bologna	http://www.squawka.com/teams/bologna/stats	sampdoria	Sampdoria	http://www.squawka.com/teams/sampdoria/stats	2 - 0	2	0	Serie A	21st September 2016	http://serie-a.squawka.com/italian-serie-a/21-09-2016/bologna-vs-sampdoria/matches	31199
2016	21	milan	Milan	http://www.squawka.com/teams/milan/stats	lazio	Lazio	http://www.squawka.com/teams/lazio/stats	2 - 0	2	0	Serie A	20th September 2016	http://serie-a.squawka.com/italian-serie-a/20-09-2016/milan-vs-lazio/matches	31204
2016	21	fiorentina	Fiorentina	http://www.squawka.com/teams/fiorentina/stats	roma	Roma	http://www.squawka.com/teams/roma/stats	1 - 0	1	0	Serie A	18th September 2016	http://serie-a.squawka.com/italian-serie-a/18-09-2016/fiorentina-vs-roma/matches	31190
2016	21	internazionale	Inter	http://www.squawka.com/teams/internazionale/stats	juventus	Juventus	http://www.squawka.com/teams/juventus/stats	2 - 1	2	1	Serie A	18th September 2016	http://serie-a.squawka.com/italian-serie-a/18-09-2016/inter-vs-juventus/matches	31191
2016	21	cagliari	Cagliari	http://www.squawka.com/teams/cagliari/stats	atalanta	Atalanta	http://www.squawka.com/teams/atalanta/stats	3 - 0	3	0	Serie A	18th September 2016	http://serie-a.squawka.com/italian-serie-a/18-09-2016/cagliari-vs-atalanta/matches	31188
2016	21	crotone	Crotone	http://www.squawka.com/teams/crotone/stats	palermo	Palermo	http://www.squawka.com/teams/palermo/stats	1 - 1	1	1	Serie A	18th September 2016	http://serie-a.squawka.com/italian-serie-a/18-09-2016/crotone-vs-palermo/matches	31189
2016	21	sassuolo	Sassuolo	http://www.squawka.com/teams/sassuolo/stats	genoa	Genoa	http://www.squawka.com/teams/genoa/stats	2 - 0	2	0	Serie A	18th September 2016	http://serie-a.squawka.com/italian-serie-a/18-09-2016/sassuolo-vs-genoa/matches	31195
2016	21	torino	Torino	http://www.squawka.com/teams/torino/stats	empoli	Empoli	http://www.squawka.com/teams/empoli/stats	0 - 0	0	0	Serie A	18th September 2016	http://serie-a.squawka.com/italian-serie-a/18-09-2016/torino-vs-empoli/matches	31196
2016	21	udinese	Udinese	http://www.squawka.com/teams/udinese/stats	chievo	Chievo	http://www.squawka.com/teams/chievo/stats	1 - 2	1	2	Serie A	18th September 2016	http://serie-a.squawka.com/italian-serie-a/18-09-2016/udinese-vs-chievo/matches	31197
2016	21	napoli	Napoli	http://www.squawka.com/teams/napoli/stats	bologna	Bologna	http://www.squawka.com/teams/bologna/stats	3 - 1	3	1	Serie A	17th September 2016	http://serie-a.squawka.com/italian-serie-a/17-09-2016/napoli-vs-bologna/matches	31193
2016	21	lazio	Lazio	http://www.squawka.com/teams/lazio/stats	pescara	Pescara	http://www.squawka.com/teams/pescara/stats	3 - 0	3	0	Serie A	17th September 2016	http://serie-a.squawka.com/italian-serie-a/17-09-2016/lazio-vs-pescara/matches	31192
2016	21	sampdoria	Sampdoria	http://www.squawka.com/teams/sampdoria/stats	milan	Milan	http://www.squawka.com/teams/milan/stats	0 - 1	0	1	Serie A	16th September 2016	http://serie-a.squawka.com/italian-serie-a/16-09-2016/sampdoria-vs-milan/matches	31194
2016	21	empoli	Empoli	http://www.squawka.com/teams/empoli/stats	crotone	Crotone	http://www.squawka.com/teams/crotone/stats	2 - 1	2	1	Serie A	12th September 2016	http://serie-a.squawka.com/italian-serie-a/12-09-2016/empoli-vs-crotone/matches	31181
2016	21	pescara	Pescara	http://www.squawka.com/teams/pescara/stats	internazionale	Inter	http://www.squawka.com/teams/internazionale/stats	1 - 2	1	2	Serie A	11th September 2016	http://serie-a.squawka.com/italian-serie-a/11-09-2016/pescara-vs-inter/matches	31186
2016	21	atalanta	Atalanta	http://www.squawka.com/teams/atalanta/stats	torino	Torino	http://www.squawka.com/teams/torino/stats	2 - 1	2	1	Serie A	11th September 2016	http://serie-a.squawka.com/italian-serie-a/11-09-2016/atalanta-vs-torino/matches	31178
2016	21	chievo	Chievo	http://www.squawka.com/teams/chievo/stats	lazio	Lazio	http://www.squawka.com/teams/lazio/stats	1 - 1	1	1	Serie A	11th September 2016	http://serie-a.squawka.com/italian-serie-a/11-09-2016/chievo-vs-lazio/matches	31180
2016	21	milan	Milan	http://www.squawka.com/teams/milan/stats	udinese	Udinese	http://www.squawka.com/teams/udinese/stats	0 - 1	0	1	Serie A	11th September 2016	http://serie-a.squawka.com/italian-serie-a/11-09-2016/milan-vs-udinese/matches	31184
2016	21	roma	Roma	http://www.squawka.com/teams/roma/stats	sampdoria	Sampdoria	http://www.squawka.com/teams/sampdoria/stats	3 - 2	3	2	Serie A	11th September 2016	http://serie-a.squawka.com/italian-serie-a/11-09-2016/roma-vs-sampdoria/matches	31187
2016	21	bologna	Bologna	http://www.squawka.com/teams/bologna/stats	cagliari	Cagliari	http://www.squawka.com/teams/cagliari/stats	2 - 1	2	1	Serie A	11th September 2016	http://serie-a.squawka.com/italian-serie-a/11-09-2016/bologna-vs-cagliari/matches	31179
2016	21	palermo	Palermo	http://www.squawka.com/teams/palermo/stats	napoli	Napoli	http://www.squawka.com/teams/napoli/stats	0 - 3	0	3	Serie A	10th September 2016	http://serie-a.squawka.com/italian-serie-a/10-09-2016/palermo-vs-napoli/matches	31185
2016	21	juventus	Juventus	http://www.squawka.com/teams/juventus/stats	sassuolo	Sassuolo	http://www.squawka.com/teams/sassuolo/stats	3 - 1	3	1	Serie A	10th September 2016	http://serie-a.squawka.com/italian-serie-a/10-09-2016/juventus-vs-sassuolo/matches	31183
2016	21	cagliari	Cagliari	http://www.squawka.com/teams/cagliari/stats	roma	Roma	http://www.squawka.com/teams/roma/stats	2 - 2	2	2	Serie A	28th August 2016	http://serie-a.squawka.com/italian-serie-a/28-08-2016/cagliari-vs-roma/matches	31170
2016	21	crotone	Crotone	http://www.squawka.com/teams/crotone/stats	genoa	Genoa	http://www.squawka.com/teams/genoa/stats	1 - 3	1	3	Serie A	28th August 2016	http://serie-a.squawka.com/italian-serie-a/28-08-2016/crotone-vs-genoa/matches	31171
2016	21	fiorentina	Fiorentina	http://www.squawka.com/teams/fiorentina/stats	chievo	Chievo	http://www.squawka.com/teams/chievo/stats	1 - 0	1	0	Serie A	28th August 2016	http://serie-a.squawka.com/italian-serie-a/28-08-2016/fiorentina-vs-chievo/matches	31172
2016	21	sampdoria	Sampdoria	http://www.squawka.com/teams/sampdoria/stats	atalanta	Atalanta	http://www.squawka.com/teams/atalanta/stats	2 - 1	2	1	Serie A	28th August 2016	http://serie-a.squawka.com/italian-serie-a/28-08-2016/sampdoria-vs-atalanta/matches	31174
2016	21	sassuolo	Sassuolo	http://www.squawka.com/teams/sassuolo/stats	pescara	Pescara	http://www.squawka.com/teams/pescara/stats	0 - 3	0	3	Serie A	28th August 2016	http://serie-a.squawka.com/italian-serie-a/28-08-2016/sassuolo-vs-pescara/matches	31175
2016	21	torino	Torino	http://www.squawka.com/teams/torino/stats	bologna	Bologna	http://www.squawka.com/teams/bologna/stats	5 - 1	5	1	Serie A	28th August 2016	http://serie-a.squawka.com/italian-serie-a/28-08-2016/torino-vs-bologna/matches	31176
2016	21	udinese	Udinese	http://www.squawka.com/teams/udinese/stats	empoli	Empoli	http://www.squawka.com/teams/empoli/stats	2 - 0	2	0	Serie A	28th August 2016	http://serie-a.squawka.com/italian-serie-a/28-08-2016/udinese-vs-empoli/matches	31177
2016	21	internazionale	Inter	http://www.squawka.com/teams/internazionale/stats	palermo	Palermo	http://www.squawka.com/teams/palermo/stats	1 - 1	1	1	Serie A	28th August 2016	http://serie-a.squawka.com/italian-serie-a/28-08-2016/inter-vs-palermo/matches	31173
2016	21	napoli	Napoli	http://www.squawka.com/teams/napoli/stats	milan	Milan	http://www.squawka.com/teams/milan/stats	4 - 2	4	2	Serie A	27th August 2016	http://serie-a.squawka.com/italian-serie-a/27-08-2016/napoli-vs-milan/matches	31169
2016	21	lazio	Lazio	http://www.squawka.com/teams/lazio/stats	juventus	Juventus	http://www.squawka.com/teams/juventus/stats	0 - 1	0	1	Serie A	27th August 2016	http://serie-a.squawka.com/italian-serie-a/27-08-2016/lazio-vs-juventus/matches	31168
2016	21	atalanta	Atalanta	http://www.squawka.com/teams/atalanta/stats	lazio	Lazio	http://www.squawka.com/teams/lazio/stats	3 - 4	3	4	Serie A	21st August 2016	http://serie-a.squawka.com/italian-serie-a/21-08-2016/atalanta-vs-lazio/matches	31160
2016	21	bologna	Bologna	http://www.squawka.com/teams/bologna/stats	crotone	Crotone	http://www.squawka.com/teams/crotone/stats	1 - 0	1	0	Serie A	21st August 2016	http://serie-a.squawka.com/italian-serie-a/21-08-2016/bologna-vs-crotone/matches	31161
2016	21	chievo	Chievo	http://www.squawka.com/teams/chievo/stats	internazionale	Inter	http://www.squawka.com/teams/internazionale/stats	2 - 0	2	0	Serie A	21st August 2016	http://serie-a.squawka.com/italian-serie-a/21-08-2016/chievo-vs-inter/matches	31162
2016	21	empoli	Empoli	http://www.squawka.com/teams/empoli/stats	sampdoria	Sampdoria	http://www.squawka.com/teams/sampdoria/stats	0 - 1	0	1	Serie A	21st August 2016	http://serie-a.squawka.com/italian-serie-a/21-08-2016/empoli-vs-sampdoria/matches	31163
2016	21	genoa	Genoa	http://www.squawka.com/teams/genoa/stats	cagliari	Cagliari	http://www.squawka.com/teams/cagliari/stats	3 - 1	3	1	Serie A	21st August 2016	http://serie-a.squawka.com/italian-serie-a/21-08-2016/genoa-vs-cagliari/matches	31164
2016	21	palermo	Palermo	http://www.squawka.com/teams/palermo/stats	sassuolo	Sassuolo	http://www.squawka.com/teams/sassuolo/stats	0 - 1	0	1	Serie A	21st August 2016	http://serie-a.squawka.com/italian-serie-a/21-08-2016/palermo-vs-sassuolo/matches	31166
2016	21	pescara	Pescara	http://www.squawka.com/teams/pescara/stats	napoli	Napoli	http://www.squawka.com/teams/napoli/stats	2 - 2	2	2	Serie A	21st August 2016	http://serie-a.squawka.com/italian-serie-a/21-08-2016/pescara-vs-napoli/matches	31167
2016	21	milan	Milan	http://www.squawka.com/teams/milan/stats	torino	Torino	http://www.squawka.com/teams/torino/stats	3 - 2	3	2	Serie A	21st August 2016	http://serie-a.squawka.com/italian-serie-a/21-08-2016/milan-vs-torino/matches	31165
2016	21	juventus	Juventus	http://www.squawka.com/teams/juventus/stats	fiorentina	Fiorentina	http://www.squawka.com/teams/fiorentina/stats	2 - 1	2	1	Serie A	20th August 2016	http://serie-a.squawka.com/italian-serie-a/20-08-2016/juventus-vs-fiorentina/matches	31158
2016	21	roma	Roma	http://www.squawka.com/teams/roma/stats	udinese	Udinese	http://www.squawka.com/teams/udinese/stats	4 - 0	4	0	Serie A	20th August 2016	http://serie-a.squawka.com/italian-serie-a/20-08-2016/roma-vs-udinese/matches	31159
